<application>
  <component name="FileTypeManager" version="18">
    <extensionMap>
      <mapping pattern="taskView" type="HTML" />
      <mapping ext="space.kts" type="Kotlin" />
      <mapping ext="gradle.kts" type="Kotlin" />
      <mapping ext="main.kts" type="Kotlin" />
      <mapping pattern="fsfsd" type="PLAIN_TEXT" />
      <mapping pattern="RunConsumer" type="PLAIN_TEXT" />
      <mapping pattern="工程领域" type="PLAIN_TEXT" />
      <mapping pattern="dgdgfdgdf" type="PLAIN_TEXT" />
      <mapping pattern="sfsdfsgsg" type="XML" />
      <removed_mapping ext="apk" approved="true" type="ARCHIVE" />
      <removed_mapping ext="psd" approved="true" type="Image" />
    </extensionMap>
  </component>
</application>