<keymap version="1" name="Default copy" parent="$default">
  <action id="CodeCompletion">
    <keyboard-shortcut first-keystroke="alt slash" />
  </action>
  <action id="EditorDecreaseFontSize">
    <mouse-shortcut keystroke="control button142" />
  </action>
  <action id="EditorIncreaseFontSize">
    <mouse-shortcut keystroke="control button143" />
  </action>
  <action id="EditorResetFontSize">
    <keyboard-shortcut first-keystroke="shift ctrl o" />
  </action>
  <action id="HippieCompletion" />
</keymap>